/* INSERT BRAND */
INSERT INTO brand(id, name, status) VALUES(1, 'A', 'ON');
INSERT INTO brand(id, name, status) VALUES(2, 'B', 'ON');
INSERT INTO brand(id, name, status) VALUES(3, 'C', 'ON');
INSERT INTO brand(id, name, status) VALUES(4, 'D', 'ON');
INSERT INTO brand(id, name, status) VALUES(5, 'E', 'ON');
INSERT INTO brand(id, name, status) VALUES(6, 'F', 'ON');
INSERT INTO brand(id, name, status) VALUES(7, 'G', 'ON');
INSERT INTO brand(id, name, status) VALUES(8, 'H', 'ON');
INSERT INTO brand(id, name, status) VALUES(9, 'I', 'ON');

/* INSERT PRODUCT */
INSERT INTO product(id, name, price, brand_id, status) VALUES(1, 'A_상의', 11200, 1, 'ON');
INSERT INTO product(id, name, price, brand_id, status) VALUES(2, 'A_아우터', 5500, 1, 'ON');
INSERT INTO product(id, name, price, brand_id, status) VALUES(3, 'A_바지', 4200, 1, 'ON');
INSERT INTO product(id, name, price, brand_id, status) VALUES(4, 'A_스니커즈', 9000, 1, 'ON');
INSERT INTO product(id, name, price, brand_id, status) VALUES(5, 'A_가방', 2000, 1, 'ON');
INSERT INTO product(id, name, price, brand_id, status) VALUES(6, 'A_모자', 1700, 1, 'ON');
INSERT INTO product(id, name, price, brand_id, status) VALUES(7, 'A_양말', 1800, 1, 'ON');
INSERT INTO product(id, name, price, brand_id, status) VALUES(8, 'A_액세서리', 2300, 1, 'ON');

INSERT INTO product(id, name, price, brand_id, status) VALUES(9, 'B_상의', 10500, 2, 'ON');
INSERT INTO product(id, name, price, brand_id, status) VALUES(10, 'B_아우터', 5900, 2, 'ON');
INSERT INTO product(id, name, price, brand_id, status) VALUES(11, 'B_바지', 3800, 2, 'ON');
INSERT INTO product(id, name, price, brand_id, status) VALUES(12, 'B_스니커즈', 9100, 2, 'ON');
INSERT INTO product(id, name, price, brand_id, status) VALUES(13, 'B_가방', 2100, 2, 'ON');
INSERT INTO product(id, name, price, brand_id, status) VALUES(14, 'B_모자', 2000, 2, 'ON');
INSERT INTO product(id, name, price, brand_id, status) VALUES(15, 'B_양말', 2000, 2, 'ON');
INSERT INTO product(id, name, price, brand_id, status) VALUES(16, 'B_액세서리', 2200, 2, 'ON');

INSERT INTO product(id, name, price, brand_id, status) VALUES(17, 'C_상의', 10000, 3, 'ON');
INSERT INTO product(id, name, price, brand_id, status) VALUES(18, 'C_아우터', 6200, 3, 'ON');
INSERT INTO product(id, name, price, brand_id, status) VALUES(19, 'C_바지', 3300, 3, 'ON');
INSERT INTO product(id, name, price, brand_id, status) VALUES(20, 'C_스니커즈', 9200, 3, 'ON');
INSERT INTO product(id, name, price, brand_id, status) VALUES(21, 'C_가방', 2200, 3, 'ON');
INSERT INTO product(id, name, price, brand_id, status) VALUES(22, 'C_모자', 1900, 3, 'ON');
INSERT INTO product(id, name, price, brand_id, status) VALUES(23, 'C_양말', 2200, 3, 'ON');
INSERT INTO product(id, name, price, brand_id, status) VALUES(24, 'C_액세서리', 2100, 3, 'ON');

INSERT INTO product(id, name, price, brand_id, status) VALUES(25, 'D_상의', 10100, 4, 'ON');
INSERT INTO product(id, name, price, brand_id, status) VALUES(26, 'D_아우터', 5100, 4, 'ON');
INSERT INTO product(id, name, price, brand_id, status) VALUES(27, 'D_바지', 3000, 4, 'ON');
INSERT INTO product(id, name, price, brand_id, status) VALUES(28, 'D_스니커즈', 9500, 4, 'ON');
INSERT INTO product(id, name, price, brand_id, status) VALUES(29, 'D_가방', 2500, 4, 'ON');
INSERT INTO product(id, name, price, brand_id, status) VALUES(30, 'D_모자', 1500, 4, 'ON');
INSERT INTO product(id, name, price, brand_id, status) VALUES(31, 'D_양말', 2400, 4, 'ON');
INSERT INTO product(id, name, price, brand_id, status) VALUES(32, 'D_액세서리', 2000, 4, 'ON');

INSERT INTO product(id, name, price, brand_id, status) VALUES(33, 'E_상의', 10700, 5, 'ON');
INSERT INTO product(id, name, price, brand_id, status) VALUES(34, 'E_아우터', 5000, 5, 'ON');
INSERT INTO product(id, name, price, brand_id, status) VALUES(35, 'E_바지', 3800, 5, 'ON');
INSERT INTO product(id, name, price, brand_id, status) VALUES(36, 'E_스니커즈', 9900, 5, 'ON');
INSERT INTO product(id, name, price, brand_id, status) VALUES(37, 'E_가방', 2300, 5, 'ON');
INSERT INTO product(id, name, price, brand_id, status) VALUES(38, 'E_모자', 1800, 5, 'ON');
INSERT INTO product(id, name, price, brand_id, status) VALUES(39, 'E_양말', 2100, 5, 'ON');
INSERT INTO product(id, name, price, brand_id, status) VALUES(40, 'E_액세서리', 2100, 5, 'ON');

INSERT INTO product(id, name, price, brand_id, status) VALUES(41, 'F_상의', 11200, 6, 'ON');
INSERT INTO product(id, name, price, brand_id, status) VALUES(42, 'F_아우터', 7200, 6, 'ON');
INSERT INTO product(id, name, price, brand_id, status) VALUES(43, 'F_바지', 4000, 6, 'ON');
INSERT INTO product(id, name, price, brand_id, status) VALUES(44, 'F_스니커즈', 9300, 6, 'ON');
INSERT INTO product(id, name, price, brand_id, status) VALUES(45, 'F_가방', 2100, 6, 'ON');
INSERT INTO product(id, name, price, brand_id, status) VALUES(46, 'F_모자', 1600, 6, 'ON');
INSERT INTO product(id, name, price, brand_id, status) VALUES(47, 'F_양말', 2300, 6, 'ON');
INSERT INTO product(id, name, price, brand_id, status) VALUES(48, 'F_액세서리', 1900, 6, 'ON');

INSERT INTO product(id, name, price, brand_id, status) VALUES(49, 'G_상의', 10500, 7, 'ON');
INSERT INTO product(id, name, price, brand_id, status) VALUES(50, 'G_아우터', 5800, 7, 'ON');
INSERT INTO product(id, name, price, brand_id, status) VALUES(51, 'G_바지', 3900, 7, 'ON');
INSERT INTO product(id, name, price, brand_id, status) VALUES(52, 'G_스니커즈', 9000, 7, 'ON');
INSERT INTO product(id, name, price, brand_id, status) VALUES(53, 'G_가방', 2200, 7, 'ON');
INSERT INTO product(id, name, price, brand_id, status) VALUES(54, 'G_모자', 1700, 7, 'ON');
INSERT INTO product(id, name, price, brand_id, status) VALUES(55, 'G_양말', 2100, 7, 'ON');
INSERT INTO product(id, name, price, brand_id, status) VALUES(56, 'G_액세서리', 2000, 7, 'ON');

INSERT INTO product(id, name, price, brand_id, status) VALUES(57, 'H_상의', 10800, 8, 'ON');
INSERT INTO product(id, name, price, brand_id, status) VALUES(58, 'H_아우터', 6300, 8, 'ON');
INSERT INTO product(id, name, price, brand_id, status) VALUES(59, 'H_바지', 3100, 8, 'ON');
INSERT INTO product(id, name, price, brand_id, status) VALUES(60, 'H_스니커즈', 9700, 8, 'ON');
INSERT INTO product(id, name, price, brand_id, status) VALUES(61, 'H_가방', 2100, 8, 'ON');
INSERT INTO product(id, name, price, brand_id, status) VALUES(62, 'H_모자', 1600, 8, 'ON');
INSERT INTO product(id, name, price, brand_id, status) VALUES(63, 'H_양말', 2000, 8, 'ON');
INSERT INTO product(id, name, price, brand_id, status) VALUES(64, 'H_액세서리', 2000, 8, 'ON');

INSERT INTO product(id, name, price, brand_id, status) VALUES(65, 'I_상의', 11400, 9, 'ON');
INSERT INTO product(id, name, price, brand_id, status) VALUES(66, 'I_아우터', 6700, 9, 'ON');
INSERT INTO product(id, name, price, brand_id, status) VALUES(67, 'I_바지', 3200, 9, 'ON');
INSERT INTO product(id, name, price, brand_id, status) VALUES(68, 'I_스니커즈', 9500, 9, 'ON');
INSERT INTO product(id, name, price, brand_id, status) VALUES(69, 'I_가방', 2400, 9, 'ON');
INSERT INTO product(id, name, price, brand_id, status) VALUES(70, 'I_모자', 1700, 9, 'ON');
INSERT INTO product(id, name, price, brand_id, status) VALUES(71, 'I_양말', 1700, 9, 'ON');
INSERT INTO product(id, name, price, brand_id, status) VALUES(72, 'I_액세서리', 2400, 9, 'ON');

/* INSERT CATEGORY */
INSERT INTO category (id, name, type, created_at, modified_at) VALUES (1, '상의', 'TOP', now(), now());
INSERT INTO category (id, name, type, created_at, modified_at) VALUES (2, '아우터', 'OUTER', now(), now());
INSERT INTO category (id, name, type, created_at, modified_at) VALUES (3, '바지', 'PANTS', now(), now());
INSERT INTO category (id, name, type, created_at, modified_at) VALUES (4, '스니커즈', 'SNEAKERS', now(), now());
INSERT INTO category (id, name, type, created_at, modified_at) VALUES (5, '가방', 'BAG', now(), now());
INSERT INTO category (id, name, type, created_at, modified_at) VALUES (6, '모자', 'HAT', now(), now());
INSERT INTO category (id, name, type, created_at, modified_at) VALUES (7, '양말', 'SOCKS', now(), now());
INSERT INTO category (id, name, type, created_at, modified_at) VALUES (8, '액세서리', 'ACCESSORY', now(), now());

/* INSERT CATEGORY_PRODUCT */
-- Category 1: 상의
INSERT INTO category_product(category_id, product_id) VALUES(1, 1);
INSERT INTO category_product(category_id, product_id) VALUES(1, 9);
INSERT INTO category_product(category_id, product_id) VALUES(1, 17);
INSERT INTO category_product(category_id, product_id) VALUES(1, 25);
INSERT INTO category_product(category_id, product_id) VALUES(1, 33);
INSERT INTO category_product(category_id, product_id) VALUES(1, 41);
INSERT INTO category_product(category_id, product_id) VALUES(1, 49);
INSERT INTO category_product(category_id, product_id) VALUES(1, 57);
INSERT INTO category_product(category_id, product_id) VALUES(1, 65);
-- Category 2: 아우터
INSERT INTO category_product(category_id, product_id) VALUES(2, 2);
INSERT INTO category_product(category_id, product_id) VALUES(2, 10);
INSERT INTO category_product(category_id, product_id) VALUES(2, 18);
INSERT INTO category_product(category_id, product_id) VALUES(2, 26);
INSERT INTO category_product(category_id, product_id) VALUES(2, 34);
INSERT INTO category_product(category_id, product_id) VALUES(2, 42);
INSERT INTO category_product(category_id, product_id) VALUES(2, 50);
INSERT INTO category_product(category_id, product_id) VALUES(2, 58);
INSERT INTO category_product(category_id, product_id) VALUES(2, 66);
-- Category 3: 바지
INSERT INTO category_product(category_id, product_id) VALUES(3, 3);
INSERT INTO category_product(category_id, product_id) VALUES(3, 11);
INSERT INTO category_product(category_id, product_id) VALUES(3, 19);
INSERT INTO category_product(category_id, product_id) VALUES(3, 27);
INSERT INTO category_product(category_id, product_id) VALUES(3, 35);
INSERT INTO category_product(category_id, product_id) VALUES(3, 43);
INSERT INTO category_product(category_id, product_id) VALUES(3, 51);
INSERT INTO category_product(category_id, product_id) VALUES(3, 59);
INSERT INTO category_product(category_id, product_id) VALUES(3, 67);
-- Category 4: 스니커즈
INSERT INTO category_product(category_id, product_id) VALUES(4, 4);
INSERT INTO category_product(category_id, product_id) VALUES(4, 12);
INSERT INTO category_product(category_id, product_id) VALUES(4, 20);
INSERT INTO category_product(category_id, product_id) VALUES(4, 28);
INSERT INTO category_product(category_id, product_id) VALUES(4, 36);
INSERT INTO category_product(category_id, product_id) VALUES(4, 44);
INSERT INTO category_product(category_id, product_id) VALUES(4, 52);
INSERT INTO category_product(category_id, product_id) VALUES(4, 60);
INSERT INTO category_product(category_id, product_id) VALUES(4, 68);
-- Category 5: 가방
INSERT INTO category_product(category_id, product_id) VALUES(5, 5);
INSERT INTO category_product(category_id, product_id) VALUES(5, 13);
INSERT INTO category_product(category_id, product_id) VALUES(5, 21);
INSERT INTO category_product(category_id, product_id) VALUES(5, 29);
INSERT INTO category_product(category_id, product_id) VALUES(5, 37);
INSERT INTO category_product(category_id, product_id) VALUES(5, 45);
INSERT INTO category_product(category_id, product_id) VALUES(5, 53);
INSERT INTO category_product(category_id, product_id) VALUES(5, 61);
INSERT INTO category_product(category_id, product_id) VALUES(5, 69);
-- Category 6: 모자
INSERT INTO category_product(category_id, product_id) VALUES(6, 6);
INSERT INTO category_product(category_id, product_id) VALUES(6, 14);
INSERT INTO category_product(category_id, product_id) VALUES(6, 22);
INSERT INTO category_product(category_id, product_id) VALUES(6, 30);
INSERT INTO category_product(category_id, product_id) VALUES(6, 38);
INSERT INTO category_product(category_id, product_id) VALUES(6, 46);
INSERT INTO category_product(category_id, product_id) VALUES(6, 54);
INSERT INTO category_product(category_id, product_id) VALUES(6, 62);
INSERT INTO category_product(category_id, product_id) VALUES(6, 70);
-- Category 7: 양말
INSERT INTO category_product(category_id, product_id) VALUES(7, 7);
INSERT INTO category_product(category_id, product_id) VALUES(7, 15);
INSERT INTO category_product(category_id, product_id) VALUES(7, 23);
INSERT INTO category_product(category_id, product_id) VALUES(7, 31);
INSERT INTO category_product(category_id, product_id) VALUES(7, 39);
INSERT INTO category_product(category_id, product_id) VALUES(7, 47);
INSERT INTO category_product(category_id, product_id) VALUES(7, 55);
INSERT INTO category_product(category_id, product_id) VALUES(7, 63);
INSERT INTO category_product(category_id, product_id) VALUES(7, 71);

-- Category 8: 액세서리
INSERT INTO category_product(category_id, product_id) VALUES(8, 8);
INSERT INTO category_product(category_id, product_id) VALUES(8, 16);
INSERT INTO category_product(category_id, product_id) VALUES(8, 24);
INSERT INTO category_product(category_id, product_id) VALUES(8, 32);
INSERT INTO category_product(category_id, product_id) VALUES(8, 40);
INSERT INTO category_product(category_id, product_id) VALUES(8, 48);
INSERT INTO category_product(category_id, product_id) VALUES(8, 56);
INSERT INTO category_product(category_id, product_id) VALUES(8, 64);
INSERT INTO category_product(category_id, product_id) VALUES(8, 72);
